<?xml version="1.0" encoding="UTF-8"?>
<!-- Aeon MQ 5 Helix 6.1.7 -->
<!-- Jarvis 8.1.13 -->
<!-- Krypton 9.2.1 window IDs 2600 -->
<!-- Leia 10.3.0/10.5.1 -->
<!-- Matrix 11.0.4 -->
<!-- Nexus 12.5.0 -->
<window>
	<defaultcontrol always="true">51</defaultcontrol>
	<menucontrol>9000</menucontrol>
	<onunload condition="Skin.HasSetting(kioskcode)">Skin.Reset($INFO[skin.string(custom_code)])</onunload>
	<controls>
		<control type="multiimage">
			<include>WindowBG</include>
			<imagepath background="true">$VAR[value_menutheme_weather]</imagepath>
		</control>
		<control type="group">
			<!-- default group -->
			<include>Animation_Window</include>
			<include>SettingsBack</include>
			<!-- Menu da direita -->
			<control type="image">
				<posx>402</posx>
				<posy>15</posy>
				<width>1236</width>
				<height>105</height>
				<aspectratio>stretch</aspectratio>
				<texture>grey.png</texture>
				<colordiffuse>$INFO[Window.Property(Alerts.Color)]</colordiffuse>
			</control>
			<!-- views -->
			<control type="group" id="3000">
				<posx>105</posx>
				<include>TWC.Current</include>
				<include>TWC.36Hour</include>
				<include>TWC.Hourly</include>
				<include>TWC.Weekend</include>
				<include>TWC.Daily</include>
				<include>TWC.Maps</include>
				<include>TWC.Alerts</include>
				<include>TWC.Video</include>
			</control>
			<control type="image">
				<posx>-1230</posx>
				<posy>0</posy>
				<width>1269</width>
				<height>1080</height>
				<texture>grey.png</texture>
				<colordiffuse>$INFO[Window.Property(Alerts.Color)]</colordiffuse>
			</control>
			<control type="image">
				<posx>39r</posx>
				<posy>0</posy>
				<width>1269</width>
				<height>1080</height>
				<texture>grey.png</texture>
				<colordiffuse>$INFO[Window.Property(Alerts.Color)]</colordiffuse>
			</control>
			<include>RSS</include>
			<include>SettingsMenu</include>
			<!-- Menu da esquerda -->
			<include>Date</include>
			<control type="label">
				<include>SettingsSectionTitle</include>
				<label>31202</label>
			</control>
			<control type="grouplist" id="51">
				<posx>0</posx>
				<posy>180</posy>
				<width>360</width>
				<height>990</height>
				<orientation>vertical</orientation>
				<itemgap>0</itemgap>
				<onleft>9900</onleft>
				<focusposition>0</focusposition>
				<scrolltime>400</scrolltime>
				<control type="button" id="100">
					<!-- Current -->
					<label>31843</label>
					<include>SettingsButton</include>
					<onfocus>SetProperty(Weather.CurrentView,current)</onfocus>
					<onfocus>SetProperty(Weather.CurrentViewMenu,$LOCALIZE[31843])</onfocus>
					<onfocus>Skin.Reset(TWC.ZoomWeatherMap)</onfocus>
				</control>
				<control type="button" id="101">
					<!-- 36Hour -->
					<label>31051</label>
					<include>SettingsButton</include>
					<onfocus>SetProperty(Weather.CurrentView,36hour)</onfocus>
					<onfocus>SetProperty(Weather.CurrentViewMenu,$LOCALIZE[31386])</onfocus>
					<onfocus>Skin.Reset(TWC.ZoomWeatherMap)</onfocus>
					<visible>String.Contains(Window(Weather).Property(WeatherProvider),Gismeteo)</visible>
				</control>
				<control type="button" id="102">
					<!-- Hourly -->
					<label>31840</label>
					<include>SettingsButton</include>
					<onright>SetFocus(6000)</onright>
					<onfocus>SetProperty(Weather.CurrentView,hourly)</onfocus>
					<onfocus>SetProperty(Weather.CurrentViewMenu,$LOCALIZE[31840])</onfocus>
					<onfocus>Skin.Reset(TWC.ZoomWeatherMap)</onfocus>
					<visible>!String.IsEmpty(Window(Weather).Property(Hourly.IsFetched))</visible>
				</control>
				<control type="button" id="103">
					<!-- Weekend -->
					<label>31841</label>
					<include>SettingsButton</include>
					<onfocus>SetProperty(Weather.CurrentView,weekend)</onfocus>
					<onfocus>SetProperty(Weather.CurrentViewMenu,$LOCALIZE[31841])</onfocus>
					<onfocus>Skin.Reset(TWC.ZoomWeatherMap)</onfocus>
					<visible>String.Contains(Window(Weather).Property(WeatherProvider),Gismeteo)</visible>
				</control>
				<control type="button" id="104">
					<!-- 10 Days -->
					<label>31842</label>
					<include>SettingsButton</include>
					<onright>SetFocus(70000)</onright>
					<onfocus>SetProperty(Weather.CurrentView,10days)</onfocus>
					<onfocus>SetProperty(Weather.CurrentViewMenu,$LOCALIZE[31842])</onfocus>
					<onfocus>Skin.Reset(TWC.ZoomWeatherMap)</onfocus>
					<visible>!String.IsEmpty(Window(Weather).Property(Daily.IsFetched))</visible>
				</control>
				<control type="button" id="105">
					<!-- Maps -->
					<label>31844</label>
					<include>SettingsButton</include>
					<onright>SetFocus(5200)</onright>
					<onfocus>SetProperty(Weather.CurrentView,maps)</onfocus>
					<onfocus>SetProperty(Weather.CurrentViewMenu,$LOCALIZE[31844])</onfocus>
					<onfocus>Skin.Reset(TWC.ZoomWeatherMap)</onfocus>
					<visible>String.Contains(Window(Weather).Property(WeatherProvider),openweatherrmap)+ System.AddonIsEnabled(script.openweathermap.maps) + !String.IsEmpty(Window.Property(Map.IsFetched))</visible>
				</control>
				<control type="button" id="106">
					<!-- Alerts -->
					<label>31054</label>
					<include>SettingsButton</include>
					<onfocus>SetProperty(Weather.CurrentView,alerts)</onfocus>
					<onfocus>SetProperty(Weather.CurrentViewMenu,$LOCALIZE[31054])</onfocus>
					<onfocus>Skin.Reset(TWC.ZoomWeatherMap)</onfocus>
					<visible>!String.IsEmpty(Window.Property(Alerts))</visible>
				</control>
				<control type="button" id="107">
					<!-- Video -->
					<label>31845</label>
					<include>SettingsButton</include>
					<onfocus>SetProperty(Weather.CurrentView,video)</onfocus>
					<onfocus>SetProperty(Weather.CurrentViewMenu,$LOCALIZE[31845])</onfocus>
					<onfocus condition="!Player.HasVideo">PlayMedia($INFO[Window.Property(Video)],1,noresume)</onfocus>
					<visible>!String.IsEmpty(Window.Property(Video))</visible>
				</control>
			</control>
			<control type="image">
				<posx>0</posx>
				<posy>0</posy>
				<width>375</width>
				<height>1080</height>
				<texture>menu_glass.png</texture>
				<colordiffuse>70FFFAF0</colordiffuse>
			</control>
			<include>TouchScreen</include>
			<include>TopMenu_Weather</include>
			<include>BGBlack</include>
		</control>
	</controls>
</window>
