<?xml version="1.0" encoding="UTF-8"?>
<!-- Aeon MQ 5 Matrox 11.0.4 -->
<!-- Necus 12.3.0 -->
<window id="1112" type="dialog" modality="modal">
	<defaultcontrol always="true">11121</defaultcontrol>
	<visible>Window.IsVisible(movieinformation) + Integer.IsEqual(Window(home).Property(hitclicked),1)</visible>
	<controls>
		<control type="button" id="11120">
			<include>InvisibleButton</include>
			<onclick>noop</onclick>
			<onfocus>SetProperty(hitclicked, 0 , home)</onfocus>
			<onfocus>Dialog.Close(1112)</onfocus>
		</control>
		<control type="group">
			<include>Animation_DialogPopup</include>
			<control type="image">
				<posx>245</posx>
				<posy>120</posy>
				<width>45</width>
				<height>835</height>
				<texture flipx="true">shadow.png</texture>
				<colordiffuse>C3FFFFFF</colordiffuse>
			</control>
			<control type="image">
				<posx>1630</posx>
				<posy>120</posy>
				<width>45</width>
				<height>835</height>
				<texture>shadow.png</texture>
				<colordiffuse>C3FFFFFF</colordiffuse>
			</control>
			<control type="image">
				<posx>290</posx>
				<posy>120</posy>
				<width>1340</width>
				<height>835</height>
				<texture>darkgrey.png</texture>
				<colordiffuse>$VAR[value_texturecolor]</colordiffuse>
				<include>Animation_DefaultGlass</include>
			</control>
			<control type="image">
				<posx>290</posx>
				<posy>120</posy>
				<width>1340</width>
				<height>120</height>
				<texture>black.png</texture>
				<colordiffuse>B0FFFFFF</colordiffuse>
			</control>
			<control type="grouplist" id="11121">
				<posx>310</posx>
				<posy>130</posy>
				<width>1300</width>
				<height>815</height>
				<itemgap>15</itemgap>
				<pagecontrol></pagecontrol>
				<onleft>11120</onleft>
				<onright>11120</onright>
				<onup>11121</onup>
				<ondown>11121</ondown>
				<!-- <onup>11120</onup>
				<ondown>11120</ondown> -->
				<orientation>vertical</orientation>
				<control type="textbox" id="11122">
					<width>1300</width>
					<height>70</height>
					<label>[COLOR=$VAR[value_headercolor]]$LOCALIZE[20074]:  [/COLOR]$INFO[ListItem.Mpaa]</label>
					<textcolor>FFFFFAF0</textcolor>
					<font>Font_18A</font>
					<!-- <autoscroll delay="3000" time="2000" repeat="3000">!Skin.HasSetting(noallowscroll)</autoscroll> -->
				</control>
				<control type="textbox">
					<width>1300</width>
					<height>70</height>
					<label>[COLOR=$VAR[value_headercolor]]$LOCALIZE[20459]:  [/COLOR]$INFO[ListItem.Tag]</label>
					<textcolor>FFFFFAF0</textcolor>
					<font>Font_18A</font>
					<visible>!String.IsEmpty(ListItem.Tag)</visible>
					<!-- <autoscroll delay="3000" time="2000" repeat="3000">!Skin.HasSetting(noallowscroll)</autoscroll> -->
				</control>
				<control type="textbox">
					<width>1300</width>
					<height>70</height>
					<label>[COLOR=$VAR[value_headercolor]]$LOCALIZE[31233]:  [/COLOR]$INFO[ListItem.Premiered]</label>
					<textcolor>FFFFFAF0</textcolor>
					<font>Font_18A</font>
					<visible>!String.IsEmpty(ListItem.Premiered)</visible>
					<!-- <autoscroll delay="3000" time="2000" repeat="3000">!Skin.HasSetting(noallowscroll)</autoscroll> -->
				</control>
				<control type="textbox">
					<width>1300</width>
					<height>375</height>
					<pagecontrol></pagecontrol>
					<label>[COLOR=$VAR[value_headercolor]]$LOCALIZE[207]:  [/COLOR]$INFO[ListItem.Plot]</label>
					<textcolor>FFFFFAF0</textcolor>
					<font>Font_18Atbox</font>
					<autoscroll delay="3000" time="2000" repeat="3000">!Skin.HasSetting(noallowscroll)</autoscroll>
				</control>
				<control type="button" id="11124">
					<width>1300</width>
					<height>70</height>
					<label>$LOCALIZE[20457]: $INFO[ListItem.Set]</label>
					<textcolor>FFFFFAF0</textcolor>
					<textoffsetx>20</textoffsetx>
					<font>Font_18A</font>
					<onclick>SetProperty(hitclicked, 0 , home)</onclick>
					<onclick>Dialog.Close(all)</onclick>
					<onclick>ActivateWindow(videos, videodb://movies/sets/$INFO[ListItem.SetID], return)</onclick>
					<visible>!String.IsEmpty(ListItem.Set)</visible>
				</control>
				<control type="button" id="11123">
					<width>870</width>
					<height>200</height>
					<colordiffuse>00000000</colordiffuse>
					<onclick>SetProperty(hitclicked, 0 , home)</onclick>
					<visible>String.IsEmpty(ListItem.Set)</visible>
				</control>
			</control>
		</control>
	</controls>
</window>
