<?xml version="1.0" encoding="UTF-8"?>
<!-- Aeon MQ 5 Helix 6.1.0/Orby/6.1.4 -->
<!-- Jarvis 8.1.13/8.1.14 -->
<!-- Krypton 9.2.1 window IDs 103/9.2.3 -->
<!-- Leia 10.2.4/10.3.0/10.5.2/10.6.1 -->
<!-- Nexus 12.3.0 -->
<window>
	<defaultcontrol always="true">300</defaultcontrol>
	<coordinates>
		<left>308</left>
		<top>180</top>
	</coordinates>
	<controls>
		<control type="group">	<!-- not numeric -->
			<include>Animation_DialogPopup</include>
			<visible>!Window.IsVisible(numericinput)</visible>
			<control type="image">
				<left>0</left>
				<top>0</top>
				<width>1290</width>
				<height>645</height>
				<texture flipx="true">darkgrey.png</texture>
				<colordiffuse>C3FFFFFF</colordiffuse>
			</control>
			<control type="image">
				<left>60</left>
				<top>24</top>
				<width>1170</width>
				<height>60</height>
				<texture>shadow.png</texture>
				<colordiffuse>C3FFFFFF</colordiffuse>
			</control>
			<control type="label" id="311">
				<left>60</left>
				<top>30</top>
				<width>1230</width>
				<height>45</height>
				<font>Font_23</font>
				<align>center</align>
				<aligny>center</aligny>
			</control>
			<control type="image">
				<left>45</left>
				<top>90</top>
				<width>1172</width>
				<height>75</height>
				<aspectratio>stretch</aspectratio>
				<texture>grey.png</texture>
				<colordiffuse>90FFFFFF</colordiffuse>
			</control>
			<control type="edit" id="312">
				<description>Edit Text</description>
				<left>82</left>
				<top>90</top>
				<width>1125</width>
				<height>75</height>
				<font>Font_24A</font>
				<textcolor>FF101010</textcolor>
				<align>center</align>
				<aligny>center</aligny>
				<texturefocus></texturefocus>
				<texturenofocus></texturenofocus>
			</control>
			<control type="button" id="310">
				<top>111</top>
				<left>1224</left>
				<width>32</width>
				<height>32</height>
				<textoffsetx>1000</textoffsetx>
				<texturenofocus>darkgrey.png</texturenofocus>
				<texturefocus>grey.png</texturefocus>
				<ondown>309</ondown>
				<onup>302</onup>
			</control>
			<control type="image">
				<top>111</top>
				<left>1224</left>
				<width>32</width>
				<height>32</height>
				<aspectratio>keep</aspectratio>
				<texture>$VAR[PasswordButton]</texture>
				<visible>Control.IsVisible(310) </visible>
			</control>>
			<control type="group">
				<left>45</left>
				<top>210</top>
				<!-- 1st row -->
				<control type="grouplist">
					<itemgap>0</itemgap>
					<orientation>horizontal</orientation>
					<control type="button" id="309">
						<description>Layout button</description>
						<include>Objects_KeyboardDouble</include>
						<width>225</width>
						<height>75</height>
						<label>20177</label>
						<onup condition="Control.IsVisible(310)">310</onup>
						<onup condition="!Control.IsVisible(310)">300</onup>
						<ondown>302</ondown>
						<align>center</align>
						<aligny>center</aligny>
						<textoffsetx>0</textoffsetx>
					</control>
					<control type="button" id="100">
						<description>(0,0) key button</description>
						<onup>32</onup>
						<ondown>120</ondown>
						<include>KeyboardButton</include>
					</control>
					<control type="button" id="101">
						<description>(0,1) key button</description>
						<onup>32</onup>
						<ondown>121</ondown>
						<include>KeyboardButton</include>
					</control>
					<control type="button" id="102">
						<description>(0,2) key button</description>
						<onup>32</onup>
						<ondown>122</ondown>
						<include>KeyboardButton</include>
					</control>
					<control type="button" id="103">
						<description>(0,3) key button</description>
						<onup>32</onup>
						<ondown>123</ondown>
						<include>KeyboardButton</include>
					</control>
					<control type="button" id="104">
						<description>(0,4) key button</description>
						<onup>8</onup>
						<ondown>124</ondown>
						<include>KeyboardButton</include>
					</control>
					<control type="button" id="105">
						<description>(0,5) key button</description>
						<onup>8</onup>
						<ondown>125</ondown>
						<include>KeyboardButton</include>
					</control>
					<control type="button" id="106">
						<description>(0,6) key button</description>
						<onup>8</onup>
						<ondown>126</ondown>
						<include>KeyboardButton</include>
					</control>
					<control type="button" id="107">
						<description>(0,7) key button</description>
						<onup>8</onup>
						<ondown>127</ondown>
						<include>KeyboardButton</include>
					</control>
					<control type="button" id="108">
						<description>(0,8) key button</description>
						<onup>305</onup>
						<ondown>128</ondown>
						<include>KeyboardButton</include>
					</control>
					<control type="button" id="109">
						<description>(0,9) key button</description>
						<onup>305</onup>
						<ondown>129</ondown>
						<include>KeyboardButton</include>
					</control>
					<control type="button" id="110">
						<description>(0,10) key button</description>
						<onup>306</onup>
						<ondown>130</ondown>
						<include>KeyboardButton</include>
					</control>
					<control type="button" id="111">
						<description>(0,11) key button</description>
						<onup>306</onup>
						<ondown>131</ondown>
						<include>KeyboardButton</include>
					</control>
					<control type="button" id="112">
						<description>(0,12) key button</description>
						<onup>306</onup>
						<ondown>132</ondown>
						<include>KeyboardButton</include>
					</control>
				</control>
				<!-- 2nd row -->
				<control type="grouplist">
					<orientation>horizontal</orientation>
					<top>75</top>
					<itemgap>0</itemgap>
					<control type="radiobutton" id="302">
						<description>SHIFT button</description>
						<width>225</width>
						<height>75</height>
						<label>20178</label>
						<onup>309</onup>
						<ondown>303</ondown>
						<texturenofocus>darkgrey.png</texturenofocus>
						<texturefocus>grey.png</texturefocus>
						<textureradioon>radiobutton_on.png</textureradioon>
						<textureradiooff></textureradiooff>
						<radioposy>-15</radioposy>
						<radioposx>180</radioposx>
						<radiowidth>45</radiowidth>
						<radioheight>45</radioheight>
						<align>center</align>
						<aligny>center</aligny>
						<textoffsetx>0</textoffsetx>
						<font>Font_18A</font>
					</control>
					<control type="button" id="120">
						<description>(1,0) key button</description>
						<onup>100</onup>
						<ondown>140</ondown>
						<include>KeyboardButton</include>
					</control>
					<control type="button" id="121">
						<description>(1,1) key button</description>
						<onup>101</onup>
						<ondown>141</ondown>
						<include>KeyboardButton</include>
					</control>
					<control type="button" id="122">
						<description>(1,2) key button</description>
						<onup>102</onup>
						<ondown>142</ondown>
						<include>KeyboardButton</include>
					</control>
					<control type="button" id="123">
						<description>(1,3) key button</description>
						<onup>103</onup>
						<ondown>143</ondown>
						<include>KeyboardButton</include>
					</control>
					<control type="button" id="124">
						<description>(1,4) key button</description>
						<onup>104</onup>
						<ondown>144</ondown>
						<include>KeyboardButton</include>
					</control>
					<control type="button" id="125">
						<description>(1,5) key button</description>
						<onup>105</onup>
						<ondown>145</ondown>
						<include>KeyboardButton</include>
					</control>
					<control type="button" id="126">
						<description>(1,6) key button</description>
						<onup>106</onup>
						<ondown>146</ondown>
						<include>KeyboardButton</include>
					</control>
					<control type="button" id="127">
						<description>(1,7) key button</description>
						<onup>107</onup>
						<ondown>147</ondown>
						<include>KeyboardButton</include>
					</control>
					<control type="button" id="128">
						<description>(1,8) key button</description>
						<onup>108</onup>
						<ondown>148</ondown>
						<include>KeyboardButton</include>
					</control>
					<control type="button" id="129">
						<description>(1,9) key button</description>
						<onup>109</onup>
						<ondown>149</ondown>
						<include>KeyboardButton</include>
					</control>
					<control type="button" id="130">
						<description>(1,10) key button</description>
						<onup>110</onup>
						<ondown>150</ondown>
						<include>KeyboardButton</include>
					</control>
					<control type="button" id="131">
						<description>(1,11) key button</description>
						<onup>111</onup>
						<ondown>151</ondown>
						<include>KeyboardButton</include>
					</control>
					<control type="button" id="132">
						<description>(1,12) key button</description>
						<onup>112</onup>
						<ondown>152</ondown>
						<include>KeyboardButton</include>
					</control>
				</control>
				<!-- 3rd row -->
				<control type="grouplist">
					<top>150</top>
					<orientation>horizontal</orientation>
					<itemgap>0</itemgap>
					<control type="radiobutton" id="303">
						<description>CAPS LOCK button</description>
						<width>225</width>
						<height>75</height>
						<label>20179</label>
						<onup>302</onup>
						<ondown>307</ondown>
						<texturenofocus>darkgrey.png</texturenofocus>
						<texturefocus>grey.png</texturefocus>
						<textureradioon>radiobutton_on.png</textureradioon>
						<textureradiooff>radiobutton.png</textureradiooff>
						<align>center</align>
						<aligny>center</aligny>
						<radioposy>-15</radioposy>
						<radioposx>180</radioposx>
						<radiowidth>45</radiowidth>
						<radioheight>45</radioheight>
						<textoffsetx>0</textoffsetx>
						<font>Font_18A</font>
					</control>
					<control type="button" id="140">
						<description>(2,0) key button</description>
						<onup>120</onup>
						<ondown>160</ondown>
						<include>KeyboardButton</include>
					</control>
					<control type="button" id="141">
						<description>(2,1) key button</description>
						<onup>121</onup>
						<ondown>161</ondown>
						<include>KeyboardButton</include>
					</control>
					<control type="button" id="142">
						<description>(2,2) key button</description>
						<onup>122</onup>
						<ondown>162</ondown>
						<include>KeyboardButton</include>
					</control>
					<control type="button" id="143">
						<description>(2,3) key button</description>
						<onup>123</onup>
						<ondown>163</ondown>
						<include>KeyboardButton</include>
					</control>
					<control type="button" id="144">
						<description>(2,4) key button</description>
						<onup>124</onup>
						<ondown>164</ondown>
						<include>KeyboardButton</include>
					</control>
					<control type="button" id="145">
						<description>(2,5) key button</description>
						<onup>125</onup>
						<ondown>165</ondown>
						<include>KeyboardButton</include>
					</control>
					<control type="button" id="146">
						<description>(2,6) key button</description>
						<onup>126</onup>
						<ondown>166</ondown>
						<include>KeyboardButton</include>
					</control>
					<control type="button" id="147">
						<description>(2,7) key button</description>
						<onup>127</onup>
						<ondown>167</ondown>
						<include>KeyboardButton</include>
					</control>
					<control type="button" id="148">
						<description>(2,8) key button</description>
						<onup>128</onup>
						<ondown>168</ondown>
						<include>KeyboardButton</include>
					</control>
					<control type="button" id="149">
						<description>(2,9) key button</description>
						<onup>129</onup>
						<ondown>169</ondown>
						<include>KeyboardButton</include>
					</control>
					<control type="button" id="150">
						<description>(2,10) key button</description>
						<onup>130</onup>
						<ondown>170</ondown>
						<include>KeyboardButton</include>
					</control>
					<control type="button" id="151">
						<description>(2,11) key button</description>
						<onup>131</onup>
						<ondown>171</ondown>
						<include>KeyboardButton</include>
					</control>
					<control type="button" id="152">
						<description>(2,12) key button</description>
						<onup>132</onup>
						<ondown>172</ondown>
						<include>KeyboardButton</include>
					</control>
				</control>
				<!-- 4th row -->
				<control type="grouplist">
					<top>225</top>
					<itemgap>0</itemgap>
					<orientation>horizontal</orientation>
					<control type="button" id="307">
						<description>IP Input button</description>
						<include>Objects_KeyboardDouble</include>
						<width>112</width>
						<height>75</height>
						<onup>303</onup>
						<ondown>300</ondown>
						<label>IP</label>
						<align>center</align>
						<aligny>center</aligny>
						<textoffsetx>0</textoffsetx>
					</control>
					<control type="radiobutton" id="304">
						<description>Symbols button</description>
						<include>Objects_KeyboardDouble</include>
						<width>112</width>
						<height>75</height>
						<label>@#!*</label>
						<onup>303</onup>
						<ondown>300</ondown>
						<align>center</align>
						<aligny>center</aligny>
						<radioposy>-15</radioposy>
						<radioposx>68</radioposx>
						<radiowidth>45</radiowidth>
						<radioheight>45</radioheight>
						<textoffsetx>0</textoffsetx>
						<textureradioon>radiobutton_on.png</textureradioon>
						<textureradiooff>radiobutton.png</textureradiooff>
					</control>
					<control type="button" id="160">
						<description>(3,0) key button</description>
						<onup>140</onup>
						<ondown>32</ondown>
						<include>KeyboardButton</include>
					</control>
					<control type="button" id="161">
						<description>(3,1) key button</description>
						<onup>141</onup>
						<ondown>32</ondown>
						<include>KeyboardButton</include>
					</control>
					<control type="button" id="162">
						<description>(3,2) key button</description>
						<onup>142</onup>
						<ondown>32</ondown>
						<include>KeyboardButton</include>
					</control>
					<control type="button" id="163">
						<description>(3,3) key button</description>
						<onup>143</onup>
						<ondown>32</ondown>
						<include>KeyboardButton</include>
					</control>
					<control type="button" id="164">
						<description>(3,4) key button</description>
						<onup>144</onup>
						<ondown>8</ondown>
						<include>KeyboardButton</include>
					</control>
					<control type="button" id="165">
						<description>(3,5) key button</description>
						<onup>145</onup>
						<ondown>8</ondown>
						<include>KeyboardButton</include>
					</control>
					<control type="button" id="166">
						<description>(3,6) key button</description>
						<onup>146</onup>
						<ondown>8</ondown>
						<include>KeyboardButton</include>
					</control>
					<control type="button" id="167">
						<description>(3,7) key button</description>
						<onup>147</onup>
						<ondown>8</ondown>
						<include>KeyboardButton</include>
					</control>
					<control type="button" id="168">
						<description>(3,8) key button</description>
						<onup>148</onup>
						<ondown>305</ondown>
						<include>KeyboardButton</include>
					</control>
					<control type="button" id="169">
						<description>(3,9) key button</description>
						<onup>149</onup>
						<ondown>305</ondown>
						<include>KeyboardButton</include>
					</control>
					<control type="button" id="170">
						<description>(3,10) key button</description>
						<onup>150</onup>
						<ondown>306</ondown>
						<include>KeyboardButton</include>
					</control>
					<control type="button" id="171">
						<description>(3,11) key button</description>
						<onup>151</onup>
						<ondown>306</ondown>
						<include>KeyboardButton</include>
					</control>
					<control type="button" id="172">
						<description>(3,12) key button</description>
						<onup>152</onup>
						<ondown>306</ondown>
						<include>KeyboardButton</include>
					</control>
					<control type="button" id="003">
						<onup>149</onup>
						<ondown>305</ondown>
						<include>KeyboardButton</include>
					</control>
					<control type="button" id="002">
						<onup>150</onup>
						<ondown>306</ondown>
						<include>KeyboardButton</include>
					</control>
					<control type="button" id="001">
						<onup>151</onup>
						<ondown>306</ondown>
						<include>KeyboardButton</include>
					</control>
				</control>
				<!-- 5th row -->
				<control type="grouplist">
					<top>300</top>
					<itemgap>0</itemgap>
					<orientation>horizontal</orientation>
					<control type="button" id="300">
						<description>DONE button</description>
						<include>Objects_KeyboardDouble</include>
						<width>255</width>
						<height>75</height>
						<label>20177</label>
						<font>Font_18A</font>
						<align>center</align>
						<aligny>center</aligny>
						<onup>304</onup>
						<ondown conditon="Control.IsVisible(310)">310</ondown>
						<ondown conditon="!Control.IsVisible(310)">309</ondown>
					</control>
					<control type="button" id="32">
						<description>SPACE button</description>
						<width>300</width>
						<height>75</height>
						<label>20182</label>
						<texturenofocus>darkgrey.png</texturenofocus>
						<texturefocus>grey.png</texturefocus>
						<font>Font_18A</font>
						<align>center</align>
						<aligny>center</aligny>
						<onup>161</onup>
						<ondown>101</ondown>
					</control>
					<control type="button" id="8">
						<description>BACKSPACE button</description>
						<include>Objects_KeyboardDouble</include>
						<width>345</width>
						<height>75</height>
						<label>20181</label>
						<onup>165</onup>
						<ondown>105</ondown>
						<texturenofocus>darkgrey.png</texturenofocus>
						<texturefocus>grey.png</texturefocus>
						<align>center</align>
						<aligny>center</aligny>
						<font>Font_18A</font>
					</control>
					<control type="button" id="305">
						<description>previous button</description>
						<include>Objects_KeyboardDouble</include>
						<width>112</width>
						<height>75</height>
						<label>&lt;</label>
						<textoffsetx>0</textoffsetx>
						<align>center</align>
						<aligny>center</aligny>
						<font>Font_18A</font>
						<onup>168</onup>
						<ondown>108</ondown>
					</control>
					<control type="button" id="306">
						<description>next button</description>
						<include>Objects_KeyboardDouble</include>
						<width>112</width>
						<height>75</height>
						<label>&gt;</label>
						<textoffsetx>0</textoffsetx>
						<align>center</align>
						<aligny>center</aligny>
						<font>Font_18A</font>
						<onup>170</onup>
						<ondown>109</ondown>
					</control>
				</control>
			</control>
		</control>
	</controls>
</window>
