<?xml version="1.0" encoding="UTF-8"?>
<!-- Aeon MQ 5 MAtrox 11.0.4 -->
<window id="1112" type="dialog">
	<defaultcontrol always="true">11123</defaultcontrol>
	<controls>
		<control type="button" id="11120">
			<include>InvisibleButton</include>
			<onclick>noop</onclick>
			<onfocus>Dialog.Close(1112)</onfocus>
		</control>
		<control type="group">
			<include>Animation_DialogPopup</include>
			<control type="image">
				<posx>245</posx>
				<posy>120</posy>
				<width>45</width>
				<height>1560</height>
				<texture flipx="true">shadow.png</texture>
				<colordiffuse>C3FFFFFF</colordiffuse>
			</control>
			<control type="image">
				<posx>1400</posx>
				<posy>120</posy>
				<width>45</width>
				<height>1560</height>
				<texture>shadow.png</texture>
				<colordiffuse>C3FFFFFF</colordiffuse>
			</control>
			<control type="image">
				<posx>290</posx>
				<posy>120</posy>
				<width>1200</width>
				<height>560</height>
				<texture>darkgrey.png</texture>
				<colordiffuse>$VAR[value_texturecolor]</colordiffuse>
				<include>Animation_DefaultGlass</include>
			</control>
			<control type="image">
				<posx>290</posx>
				<posy>120</posy>
				<width>1200</width>
				<height>120</height>
				<texture>black.png</texture>
				<colordiffuse>90FFFFFF</colordiffuse>
			</control>
			<control type="grouplist" id="11121">
				<posx>290</posx>
				<posy>130</posy>
				<width>1000</width>
				<height>600</height>
				<itemgap>0</itemgap>
				<onleft>11120</onleft>
				<onright>11120</onright>
				<onup>11120</onup>
				<ondown>11120</ondown>
				<control type="textbox" id="11122">
					<width>900</width>
					<height>600</height>
					<label>$INFO[ListItem.Mpaa]</label>
					<textcolor>FFFFFAF0</textcolor>
					<font>Font_18A</font>
					<!-- <autoscroll delay="3000" time="2000" repeat="3000">!Skin.HasSetting(noallowscroll)</autoscroll> -->
				</control>
				<control type="button" id="11123">
					<width>900</width>
					<height>600</height>
					<colordiffuse>00000000</colordiffuse>
					<onclick>Dialog.Close(1112)</onclick>
				</control>
			</control>
		</control>
	</controls>
</window>
